{"wXFgpTJRU1FxeI0e137xeQ==":"hexangle-122x122.png","UjeNsKqPTsNuvLRkKHMjrw==":"img_4460%20-%20copy-2000x1500.jpg","pa5Dkwo/T1qgW/t0h+fQvA==":"background5.jpg","yikrZNjq6zftMXisO4k9Vg==":"4panelstrainpicture-1043x1056.png","CUEhgfo3M2j3JlFNTeAYpQ==":"20190126-170448-848x636.jpg","uDkvugbyOAfANTEeaCnjdw==":"trimmedhandful-1426x1305.jpg","OM6hTwqMAQpTVhLcPG86xg==":"background1.jpg","V1fchu1iUCqldmcfytVnuw==":"975911075-1426x895.jpg","e4eElyqStllhvHauxJ6x6Q==":"untitled%20design%20(1)-735x1102.png","PFzWsakflqi+Q9CwsGPdNQ==":"mbr-436x436.jpg","nh9zt8sYWX9f838647nyNA==":"field%20watermark-2000x1500.jpg","IYSJhtfj49tKFfYYU+KV+Q==":"suverhaze-700x685.jpg","uBDVFi97WoZm5Pv6dHj65Q==":"20180921-190322-700x525.jpg","Dk/IPFHP+h/RMFD3uE9LcQ==":"975911075-700x439.jpg","DX3La3W9EEfrXiIeJ2OVwg==":"983295959-1014x761.jpg","UAc7kepzJPkrSn4uqTRvmw==":"background4.jpg","+J1pxG+la91eBhDtZdbCkg==":"975911075-1014x636.jpg","EaUvDK/A+wbrKoOjkbAAAw==":"991536892-1014x1001.jpg","xVZ4t8LQqmTBwTv97tk2Tg==":"img_20180927-192215-2000x1500.jpg","gSznVj8HaNUQdS5B2AAHtA==":"img_20180927-192215-700x525.jpg","fZjidYFFKC+wtnK93kjBfA==":"983295959-700x525.jpg","JiWmhgfsK4TgHL5FNyLEAA==":"mbr-700x467.jpg","J9s0JXhgA5E9gZ7rzwxkSg==":"mbr-1-700x467.jpg"}